id,first_name,last_name,email,gender,ip_address
1,Ondrea,Rimbault,orimbault0@weibo.com,Female,249.28.133.14
2,Morley,Frain,mfrain1@dell.com,Male,163.245.164.192
3,Rinaldo,Partridge,rpartridge2@vistaprint.com,Male,208.223.170.84
4,Adiana,Toyer,atoyer3@reverbnation.com,Non-binary,175.131.14.147
5,Codi,Malletratt,cmalletratt4@npr.org,Genderfluid,150.186.141.109
6,Denver,Klemenz,dklemenz5@techcrunch.com,Bigender,60.170.171.145
7,Jillene,Benazet,jbenazet6@smugmug.com,Female,242.3.162.84
8,Aldon,O' Brian,aobrian7@macromedia.com,Male,212.137.95.146
9,Flossy,Crayton,fcrayton8@noaa.gov,Female,229.220.101.122
10,Leena,Alban,lalban9@seattletimes.com,Female,101.153.179.229
11,Laura,Suggey,lsuggeya@weather.com,Female,139.107.90.159
12,Gordon,Ganning,gganningb@wordpress.com,Male,192.184.49.135
13,Frasquito,Vant,fvantc@51.la,Male,57.208.38.38
14,Brigg,Hatt,bhattd@histats.com,Male,150.221.10.157
15,Rebecca,Gussie,rgussiee@feedburner.com,Female,246.105.129.205
16,Amelina,Rykert,arykertf@illinois.edu,Female,104.115.249.155
17,Lavinia,Bowra,lbowrag@twitter.com,Female,164.55.56.230
18,Binky,Wathall,bwathallh@furl.net,Male,18.158.211.85
19,Elfreda,Simonyi,esimonyii@hud.gov,Female,24.12.51.37
20,Daria,Matissoff,dmatissoffj@upenn.edu,Female,222.196.128.65
21,Stacey,Atkinson,satkinsonk@google.com.au,Female,156.181.25.34
22,Quintin,Linne,qlinnel@netvibes.com,Male,210.75.187.224
23,Sheilakathryn,Ruse,srusem@netlog.com,Female,206.206.60.100
24,Chastity,Darker,cdarkern@chicagotribune.com,Female,86.121.3.194
25,Fletcher,Suart,fsuarto@google.it,Male,228.172.124.94
26,Perkin,Ivetts,pivettsp@pen.io,Male,58.53.240.244
27,Caddric,Petrulis,cpetrulisq@toplist.cz,Male,62.46.21.15
28,Hercule,Skillings,hskillingsr@prweb.com,Male,209.91.214.195
29,Marven,Durtnel,mdurtnels@nature.com,Male,212.106.218.202
30,Chadd,Gillbee,cgillbeet@sun.com,Male,6.56.76.54
31,Reiko,Champkins,rchampkinsu@dailymotion.com,Female,19.156.5.94
32,Sheba,Harvard,sharvardv@de.vu,Female,169.68.63.118
33,Wolfy,Angel,wangelw@bigcartel.com,Male,227.89.13.147
34,Winnah,Ardern,wardernx@ox.ac.uk,Female,112.107.122.39
35,Magdalena,Labba,mlabbay@google.de,Female,174.192.233.141
36,Lorelei,Branney,lbranneyz@arizona.edu,Female,54.148.226.228
37,Analise,Bayless,abayless10@simplemachines.org,Female,14.128.190.214
38,Christoffer,Loomis,cloomis11@upenn.edu,Male,28.234.198.26
39,Dacia,Trelease,dtrelease12@howstuffworks.com,Female,36.48.178.195
40,Dudley,Andrew,dandrew13@discovery.com,Male,201.109.48.197
41,Zebadiah,Thow,zthow14@oracle.com,Male,84.68.249.223
42,Ciro,Boice,cboice15@free.fr,Male,154.126.109.229
43,Norton,Mackerel,nmackerel16@google.ru,Male,46.208.84.26
44,Tremaine,Tripet,ttripet17@instagram.com,Male,117.12.250.98
45,Krista,Wurst,kwurst18@ask.com,Female,2.167.117.53
46,Jessi,Gussin,jgussin19@angelfire.com,Female,193.216.53.66
47,Sisile,Brookes,sbrookes1a@issuu.com,Female,112.230.126.173
48,Cyb,Tyt,ctyt1b@jugem.jp,Female,238.231.180.104
49,Elysee,Vlasyev,evlasyev1c@yandex.ru,Female,113.214.163.197
50,Niels,Snowsill,nsnowsill1d@admin.ch,Male,217.78.197.190
51,Berna,Juan,bjuan1e@webmd.com,Female,242.122.176.42
52,Alwin,MacKeague,amackeague1f@washingtonpost.com,Male,71.164.3.133
53,Ali,Poxton,apoxton1g@amazon.com,Male,72.116.110.77
54,Hadleigh,Rubbert,hrubbert1h@tinyurl.com,Male,184.182.237.153
55,Monique,Volk,mvolk1i@dailymail.co.uk,Female,47.11.213.199
56,Fabe,Fairburn,ffairburn1j@nyu.edu,Male,78.55.128.44
57,Madelaine,Ferrone,mferrone1k@buzzfeed.com,Female,1.215.94.231
58,Magdalena,Igounet,migounet1l@sun.com,Female,22.221.254.200
59,Pansy,Bartholin,pbartholin1m@amazon.com,Female,30.170.22.248
60,Purcell,Saer,psaer1n@ocn.ne.jp,Male,156.29.156.187
61,Gayle,Stollmeier,gstollmeier1o@bizjournals.com,Male,112.251.87.58
62,Jenine,Hewertson,jhewertson1p@buzzfeed.com,Female,46.55.218.171
63,Elyse,Kloss,ekloss1q@dailymail.co.uk,Female,123.113.161.179
64,Aida,Sokell,asokell1r@addtoany.com,Female,166.140.60.106
65,Yovonnda,Spritt,yspritt1s@miibeian.gov.cn,Female,108.91.193.52
66,Cassondra,Lofts,clofts1t@flickr.com,Female,148.58.206.17
67,Joel,Meakin,jmeakin1u@slate.com,Male,213.157.99.157
68,Shepherd,Suddock,ssuddock1v@miitbeian.gov.cn,Male,251.237.252.125
69,Perice,Payton,ppayton1w@yelp.com,Genderqueer,71.53.148.177
70,Ellery,Martschik,emartschik1x@bigcartel.com,Male,47.234.235.104
71,Carey,Auchinleck,cauchinleck1y@shop-pro.jp,Male,142.101.193.68
72,Rufus,Lukovic,rlukovic1z@sphinn.com,Male,181.71.65.43
73,Lucian,Haggerty,lhaggerty20@people.com.cn,Male,227.221.29.27
74,Ardeen,Calloway,acalloway21@foxnews.com,Female,214.169.189.134
75,Jefferey,Baleine,jbaleine22@networkadvertising.org,Male,174.129.120.1
76,Crissie,Baggarley,cbaggarley23@abc.net.au,Female,54.47.18.51
77,Virgilio,Hamly,vhamly24@soup.io,Male,236.16.107.158
78,Kaiser,Rabidge,krabidge25@dot.gov,Male,210.165.140.19
79,Rea,Poff,rpoff26@mac.com,Polygender,152.214.130.156
80,Reynard,Ege,rege27@apple.com,Male,57.47.113.66
81,Culley,Martschik,cmartschik28@elegantthemes.com,Male,96.68.104.132
82,Alecia,Kinnerley,akinnerley29@creativecommons.org,Female,69.118.89.224
83,Che,Gianelli,cgianelli2a@aol.com,Male,131.37.217.173
84,Nolie,Clethro,nclethro2b@ebay.co.uk,Female,218.152.84.123
85,Reagen,Barrass,rbarrass2c@mayoclinic.com,Male,159.85.146.235
86,Say,Seamen,sseamen2d@dagondesign.com,Male,190.235.64.207
87,Orelie,Mattinson,omattinson2e@domainmarket.com,Female,156.50.184.43
88,Wylie,Taynton,wtaynton2f@loc.gov,Male,198.26.87.146
89,Brett,Zecchi,bzecchi2g@flickr.com,Male,21.135.12.92
90,Francklin,Syncke,fsyncke2h@desdev.cn,Male,77.100.90.240
91,Seymour,Medendorp,smedendorp2i@bluehost.com,Male,217.164.236.146
92,Benedetta,Hayne,bhayne2j@dedecms.com,Female,70.164.67.173
93,Haily,Martinek,hmartinek2k@vinaora.com,Female,188.25.43.217
94,Fran,Blazewski,fblazewski2l@gov.uk,Female,239.234.58.92
95,Appolonia,Sarfass,asarfass2m@mashable.com,Female,76.157.178.17
96,Lorrie,Stillwell,lstillwell2n@aboutads.info,Genderqueer,197.12.251.210
97,Riley,Newall,rnewall2o@ed.gov,Male,7.104.206.59
98,Ernest,Hounson,ehounson2p@friendfeed.com,Male,79.165.248.254
99,Robinia,Rowly,rrowly2q@ameblo.jp,Female,24.16.148.141
100,Kalle,Fuster,kfuster2r@hubpages.com,Male,114.185.93.114
